{"train_time": 3472.03342962265, "test_auc": 0.9178666666666666, "test_time": 5.076845169067383, "test_scores": [[0, 0, 0.9165960550308228], [1, 0, 1.3932067155838013], [2, 0, 2.943377733230591], [3, 0, 0.8774036169052124], [4, 0, 2.7552433013916016], [5, 0, 1.3724786043167114], [6, 0, 1.3448984622955322], [7, 0, 0.685817301273346], [8, 0, 1.0309467315673828], [9, 0, 1.2604615688323975], [10, 0, 1.395581841468811], [11, 0, 1.709754467010498], [12, 0, 2.1758034229278564], [13, 0, 4.194332599639893], [14, 0, 1.5049132108688354], [15, 0, 1.7261548042297363], [16, 0, 2.318092107772827], [17, 0, 2.267764091491699], [18, 0, 2.0807743072509766], [19, 0, 1.0660022497177124], [20, 0, 1.0853323936462402], [21, 0, 1.06378972530365], [22, 0, 1.8848201036453247], [23, 0, 1.4054943323135376], [24, 0, 1.5942996740341187], [25, 1, 2.200043201446533], [26, 1, 2.4131088256835938], [27, 1, 2.9404163360595703], [28, 1, 3.0157253742218018], [29, 1, 3.888867139816284], [30, 1, 2.4484446048736572], [31, 1, 3.1167759895324707], [32, 1, 3.9548113346099854], [33, 1, 4.0125932693481445], [34, 1, 3.9544997215270996], [35, 1, 2.019195318222046], [36, 1, 2.011564254760742], [37, 1, 1.8735020160675049], [38, 1, 2.7532660961151123], [39, 1, 3.0281121730804443], [40, 1, 1.6980817317962646], [41, 1, 2.7625844478607178], [42, 1, 3.0043458938598633], [43, 1, 3.1763949394226074], [44, 1, 2.659135580062866], [45, 1, 2.2788126468658447], [46, 1, 2.6756064891815186], [47, 1, 2.2849221229553223], [48, 1, 2.6269636154174805], [49, 1, 2.152301073074341], [50, 1, 9.375320434570312], [51, 1, 14.483858108520508], [52, 1, 20.235624313354492], [53, 1, 15.75253963470459], [54, 1, 5.114440441131592], [55, 1, 9.020752906799316], [56, 1, 4.388111114501953], [57, 1, 8.605016708374023], [58, 1, 11.158246994018555], [59, 1, 11.233458518981934], [60, 1, 24.47106170654297], [61, 1, 6.629580020904541], [62, 1, 32.28364562988281], [63, 1, 4.691040515899658], [64, 1, 13.909496307373047], [65, 1, 1.3168902397155762], [66, 1, 3.772181749343872], [67, 1, 9.706806182861328], [68, 1, 71.03118896484375], [69, 1, 3.5400962829589844], [70, 1, 5.023433685302734], [71, 1, 9.335030555725098], [72, 1, 8.762722969055176], [73, 1, 8.1506986618042], [74, 1, 1.7645225524902344], [75, 1, 20.772573471069336], [76, 1, 5.1313629150390625], [77, 1, 7.4285430908203125], [78, 1, 4.876829147338867], [79, 1, 4.35923433303833], [80, 1, 6.264847278594971], [81, 1, 3.6645419597625732], [82, 1, 4.188937664031982], [83, 1, 5.034620761871338], [84, 1, 4.582649230957031], [85, 1, 2.9670393466949463], [86, 1, 2.903280258178711], [87, 1, 2.962876558303833], [88, 1, 2.0379199981689453], [89, 1, 2.2802786827087402], [90, 1, 2.408689260482788], [91, 1, 8.99991512298584], [92, 1, 11.717220306396484], [93, 1, 6.201664447784424], [94, 1, 7.172141075134277], [95, 1, 7.652122974395752], [96, 1, 2.4144515991210938], [97, 1, 1.6196919679641724], [98, 1, 3.116985321044922], [99, 1, 1.5203917026519775]]}