{"train_time": 2371.6479959487915, "test_auc": 0.8855999999999999, "test_time": 20.887537479400635, "test_scores": [[0, 0, 4.31939172744751], [1, 0, 2.947075843811035], [2, 0, 2.389155626296997], [3, 0, 2.8253419399261475], [4, 0, 2.6313247680664062], [5, 0, 2.2831614017486572], [6, 0, 2.6305320262908936], [7, 0, 4.903228759765625], [8, 0, 3.533618927001953], [9, 0, 1.373610019683838], [10, 0, 2.8950862884521484], [11, 0, 2.2052383422851562], [12, 0, 3.983407497406006], [13, 0, 17.432893753051758], [14, 0, 3.559781312942505], [15, 0, 4.544837474822998], [16, 0, 4.347731590270996], [17, 0, 3.814613103866577], [18, 0, 2.213895797729492], [19, 0, 4.252511024475098], [20, 0, 3.800222873687744], [21, 0, 4.98875617980957], [22, 0, 3.3541483879089355], [23, 0, 3.3544652462005615], [24, 0, 4.702112674713135], [25, 0, 3.3072872161865234], [26, 0, 3.586427927017212], [27, 0, 6.499013423919678], [28, 0, 4.484386920928955], [29, 0, 2.8543038368225098], [30, 0, 2.8568968772888184], [31, 0, 17.896455764770508], [32, 0, 5.945648193359375], [33, 0, 18.097564697265625], [34, 0, 5.725712299346924], [35, 0, 6.769913673400879], [36, 0, 5.236721038818359], [37, 0, 1.932940125465393], [38, 0, 2.474698066711426], [39, 0, 2.4311788082122803], [40, 0, 3.8482584953308105], [41, 0, 2.7841506004333496], [42, 0, 4.991613388061523], [43, 0, 3.684920310974121], [44, 0, 3.7698466777801514], [45, 0, 2.30961537361145], [46, 0, 5.129620552062988], [47, 0, 4.567732810974121], [48, 0, 3.125377655029297], [49, 0, 3.660858392715454], [50, 1, 5.8056135177612305], [51, 1, 4.918979644775391], [52, 1, 4.903403282165527], [53, 1, 6.7533464431762695], [54, 1, 8.438961029052734], [55, 1, 5.445236682891846], [56, 1, 5.966597557067871], [57, 1, 7.877392768859863], [58, 1, 7.671915531158447], [59, 1, 11.956623077392578], [60, 1, 3.8967058658599854], [61, 1, 3.841758966445923], [62, 1, 4.857773303985596], [63, 1, 5.942607879638672], [64, 1, 12.035377502441406], [65, 1, 5.1563849449157715], [66, 1, 6.191506385803223], [67, 1, 6.267464637756348], [68, 1, 5.624903678894043], [69, 1, 6.136469841003418], [70, 1, 5.675971031188965], [71, 1, 5.199305057525635], [72, 1, 4.88519287109375], [73, 1, 7.441946983337402], [74, 1, 4.583065509796143], [75, 1, 3.502678632736206], [76, 1, 8.881468772888184], [77, 1, 3.7909889221191406], [78, 1, 9.221196174621582], [79, 1, 10.685914039611816], [80, 1, 6.336074352264404], [81, 1, 3.963536500930786], [82, 1, 14.672531127929688], [83, 1, 25.610084533691406], [84, 1, 18.79237174987793], [85, 1, 58.99137496948242], [86, 1, 18.685035705566406], [87, 1, 96.68228149414062], [88, 1, 9.467850685119629], [89, 1, 10.372089385986328], [90, 1, 37.90493392944336], [91, 1, 36.64304733276367], [92, 1, 60.695926666259766], [93, 1, 23.4965763092041], [94, 1, 21.955141067504883], [95, 1, 21.324588775634766], [96, 1, 24.270648956298828], [97, 1, 36.531707763671875], [98, 1, 31.504274368286133], [99, 1, 27.10777473449707]]}