{"train_time": 353.22863602638245, "test_auc": 0.8976, "test_time": 5.1711530685424805, "test_scores": [[0, 0, 5.068637371063232], [1, 0, 3.1467459201812744], [2, 0, 3.555175304412842], [3, 0, 3.623795509338379], [4, 0, 3.009284734725952], [5, 0, 2.9829390048980713], [6, 0, 3.1435346603393555], [7, 0, 4.091829776763916], [8, 0, 3.801300525665283], [9, 0, 3.4640450477600098], [10, 0, 3.3775250911712646], [11, 0, 3.568197250366211], [12, 0, 4.772649765014648], [13, 0, 3.5849342346191406], [14, 0, 3.7408790588378906], [15, 0, 3.362076759338379], [16, 0, 2.8159234523773193], [17, 0, 4.153437614440918], [18, 0, 3.480625629425049], [19, 0, 3.4147491455078125], [20, 0, 3.0905447006225586], [21, 0, 3.4631099700927734], [22, 0, 3.0020954608917236], [23, 0, 2.9787144660949707], [24, 0, 3.376669406890869], [25, 0, 3.390913486480713], [26, 0, 3.4562385082244873], [27, 0, 3.7643914222717285], [28, 0, 4.8947434425354], [29, 0, 4.402973175048828], [30, 0, 3.263066053390503], [31, 0, 3.7268474102020264], [32, 0, 2.9662370681762695], [33, 0, 7.39501953125], [34, 0, 2.884449005126953], [35, 0, 3.1267459392547607], [36, 0, 3.6003661155700684], [37, 0, 3.466320753097534], [38, 0, 3.58963680267334], [39, 0, 2.7870116233825684], [40, 0, 3.1776986122131348], [41, 0, 4.233353137969971], [42, 0, 2.9336423873901367], [43, 0, 3.616013765335083], [44, 0, 2.983912467956543], [45, 0, 2.65559458732605], [46, 0, 2.7229983806610107], [47, 0, 3.2989132404327393], [48, 0, 2.3292927742004395], [49, 0, 2.929894208908081], [50, 1, 7.182906150817871], [51, 1, 4.523924350738525], [52, 1, 4.909426689147949], [53, 1, 3.5441603660583496], [54, 1, 4.383596420288086], [55, 1, 3.704031229019165], [56, 1, 4.640474319458008], [57, 1, 4.342456340789795], [58, 1, 4.670411586761475], [59, 1, 4.530369281768799], [60, 1, 5.405165195465088], [61, 1, 5.399355411529541], [62, 1, 5.0429887771606445], [63, 1, 6.653893947601318], [64, 1, 5.200483322143555], [65, 1, 5.0212225914001465], [66, 1, 3.4953575134277344], [67, 1, 4.442127704620361], [68, 1, 4.410511016845703], [69, 1, 3.5105175971984863], [70, 1, 4.2149505615234375], [71, 1, 4.775277614593506], [72, 1, 5.032707214355469], [73, 1, 7.8559136390686035], [74, 1, 3.4669528007507324], [75, 1, 7.864431381225586], [76, 1, 7.293593883514404], [77, 1, 6.708515167236328], [78, 1, 3.4870972633361816], [79, 1, 3.8465828895568848], [80, 1, 4.373743534088135], [81, 1, 4.312194347381592], [82, 1, 5.4922709465026855], [83, 1, 5.439118385314941], [84, 1, 5.829200267791748], [85, 1, 4.085719108581543], [86, 1, 4.297105312347412], [87, 1, 9.156201362609863], [88, 1, 5.471012592315674], [89, 1, 5.370087623596191], [90, 1, 3.2227652072906494], [91, 1, 3.856973886489868], [92, 1, 4.522996425628662], [93, 1, 5.331249713897705], [94, 1, 5.145414352416992], [95, 1, 5.178562641143799], [96, 1, 7.3582539558410645], [97, 1, 4.625162601470947], [98, 1, 4.9906415939331055], [99, 1, 5.2362775802612305]]}