{"train_time": 44.44123840332031, "test_auc": 0.9892, "test_time": 0.4491546154022217, "test_scores": [[0, 0, 1.1166808605194092], [1, 0, 0.7611897587776184], [2, 0, 0.75673907995224], [3, 0, 0.7653542160987854], [4, 0, 0.9871894121170044], [5, 0, 0.4905186593532562], [6, 0, 0.5596961379051208], [7, 0, 0.8288211226463318], [8, 0, 0.8138608932495117], [9, 0, 0.3706418573856354], [10, 0, 0.5518264174461365], [11, 0, 0.46931231021881104], [12, 0, 0.7142924666404724], [13, 0, 2.01371693611145], [14, 0, 1.224700689315796], [15, 0, 1.0147514343261719], [16, 0, 1.1192419528961182], [17, 0, 0.7509005069732666], [18, 0, 0.6336380839347839], [19, 0, 0.9025124311447144], [20, 0, 0.5793188810348511], [21, 0, 1.2405312061309814], [22, 0, 0.7021011710166931], [23, 0, 0.5331189632415771], [24, 0, 1.08553946018219], [25, 0, 0.7245367169380188], [26, 0, 0.9496006965637207], [27, 0, 0.940125048160553], [28, 0, 1.0063289403915405], [29, 0, 0.9610757231712341], [30, 0, 0.7922371625900269], [31, 0, 1.7532683610916138], [32, 0, 1.065995216369629], [33, 0, 1.6854413747787476], [34, 0, 1.21651029586792], [35, 0, 1.0469738245010376], [36, 0, 1.0540043115615845], [37, 0, 0.5148446559906006], [38, 0, 0.5385035872459412], [39, 0, 0.5486208200454712], [40, 0, 0.668965220451355], [41, 0, 0.5760356187820435], [42, 0, 0.997088611125946], [43, 0, 1.0876232385635376], [44, 0, 0.6237413883209229], [45, 0, 0.8460047841072083], [46, 0, 0.8121775984764099], [47, 0, 0.9047753214836121], [48, 0, 0.6472607254981995], [49, 0, 0.7278687357902527], [50, 1, 2.1385669708251953], [51, 1, 2.0286989212036133], [52, 1, 1.3462903499603271], [53, 1, 2.242851734161377], [54, 1, 2.4021785259246826], [55, 1, 1.7797610759735107], [56, 1, 2.3927249908447266], [57, 1, 2.3641762733459473], [58, 1, 2.3585550785064697], [59, 1, 4.649100303649902], [60, 1, 2.0506608486175537], [61, 1, 2.2254881858825684], [62, 1, 2.07773494720459], [63, 1, 1.867722511291504], [64, 1, 2.606252431869507], [65, 1, 2.4213578701019287], [66, 1, 2.8696703910827637], [67, 1, 2.5983080863952637], [68, 1, 2.9978060722351074], [69, 1, 2.255720615386963], [70, 1, 3.36342716217041], [71, 1, 1.3775668144226074], [72, 1, 1.6134214401245117], [73, 1, 1.5118006467819214], [74, 1, 1.479132890701294], [75, 1, 1.2928999662399292], [76, 1, 2.12510347366333], [77, 1, 1.4905587434768677], [78, 1, 2.111227512359619], [79, 1, 1.762447476387024], [80, 1, 1.5033302307128906], [81, 1, 2.049879789352417], [82, 1, 2.7085182666778564], [83, 1, 3.0974955558776855], [84, 1, 4.214291572570801], [85, 1, 9.516631126403809], [86, 1, 2.9464852809906006], [87, 1, 13.993608474731445], [88, 1, 2.764737844467163], [89, 1, 2.3676915168762207], [90, 1, 5.207670211791992], [91, 1, 8.410983085632324], [92, 1, 30.48662757873535], [93, 1, 10.265807151794434], [94, 1, 9.452096939086914], [95, 1, 10.516441345214844], [96, 1, 9.563008308410645], [97, 1, 12.20163631439209], [98, 1, 11.048362731933594], [99, 1, 13.853745460510254]]}